{
  "mode": "regression",
  "hyperparameters": {
    "epochs": 30,
    "batch_size": 256,
    "lr": 0.0002838743621574962,
    "weight_decay": 1.1497633801683068e-06,
    "emb_dim": 128,
    "dropout": 0.41655263256088393,
    "patience": 5,
    "num_workers": 2,
    "scheduler_patience": 2,
    "scheduler_factor": 0.5,
    "min_lr": 1e-06,
    "model_dir": "/opt/ml/model",
    "data_dir": "/opt/ml/input/data/train",
    "embeddings_dir": "/opt/ml/input/data/embeddings",
    "encoders_dir": "/opt/ml/input/data/encoders",
    "output_data_dir": "/opt/ml/output/data"
  },
  "best_val_mse": 0.03468111022085943,
  "test_metrics": {
    "test_mse": 0.036792212974669614,
    "test_rmse": 0.1918129635208987,
    "test_rmse_stars": 0.7672518540835948,
    "attn_category_pct": 3.9958510398864746,
    "attn_text_pct": 66.92005920410156,
    "attn_image_pct": 29.08409309387207
  },
  "training_history": {
    "train_mse": [
      0.055591863846140246,
      0.039940296073577235,
      0.03664523774225797,
      0.03460916666580098,
      0.033219395384990746,
      0.031988699208678945,
      0.03079653523995408,
      0.02979516737562205,
      0.028832629569140927,
      0.028055856829243046,
      0.027178708896307007,
      0.025711626958634173,
      0.024964507536164353
    ],
    "val_mse": [
      0.041605889294095505,
      0.03807019180753848,
      0.03667444512078124,
      0.035793993129931735,
      0.03548468690332813,
      0.035164183111162414,
      0.034944944248632856,
      0.03468111022085943,
      0.03482591631366521,
      0.03476504083080052,
      0.03486835471796723,
      0.03500287892127617,
      0.03501903427693699
    ],
    "val_rmse": [
      0.20397521735273505,
      0.19511584202093504,
      0.1915057313000873,
      0.18919300497093366,
      0.1883737956917791,
      0.18752115376981449,
      0.18693566874364254,
      0.18622865037598116,
      0.18661703114578052,
      0.1864538571089387,
      0.18673070105895076,
      0.1870905634212377,
      0.18713373366909825
    ],
    "val_rmse_stars": [
      0.8159008694109402,
      0.7804633680837402,
      0.7660229252003492,
      0.7567720198837347,
      0.7534951827671164,
      0.7500846150792579,
      0.7477426749745701,
      0.7449146015039246,
      0.7464681245831221,
      0.7458154284357548,
      0.746922804235803,
      0.7483622536849508,
      0.748534934676393
    ],
    "lr": [
      0.0002838743621574962,
      0.0002838743621574962,
      0.0002838743621574962,
      0.0002838743621574962,
      0.0002838743621574962,
      0.0002838743621574962,
      0.0002838743621574962,
      0.0002838743621574962,
      0.0002838743621574962,
      0.0002838743621574962,
      0.0002838743621574962,
      0.0001419371810787481,
      0.0001419371810787481
    ]
  },
  "training_time_seconds": 166.25858449935913,
  "total_epochs_trained": 13
}