{
  "mode": "multitask_twoheads",
  "hyperparameters": {
    "epochs": 30,
    "batch_size": 128,
    "lr": 0.00018431337415071667,
    "weight_decay": 0.0008727185963231925,
    "emb_dim": 128,
    "dropout": 0.23663261628280174,
    "patience": 5,
    "neg_ratio": 4,
    "num_workers": 2,
    "scheduler_patience": 2,
    "scheduler_factor": 0.5,
    "min_lr": 1e-06,
    "model_dir": "/opt/ml/model",
    "data_dir": "/opt/ml/input/data/train",
    "embeddings_dir": "/opt/ml/input/data/embeddings",
    "encoders_dir": "/opt/ml/input/data/encoders",
    "output_data_dir": "/opt/ml/output/data"
  },
  "best_val_total_loss": 0.38861371563756436,
  "test_metrics": {
    "test_total_loss": 1.5607836179485794,
    "test_bce": 1.523866632391103,
    "test_mse": 0.03691698342085982,
    "test_rmse_stars": 0.768551712465568,
    "quality_threshold_stars": 3.5,
    "test_accuracy": 0.7400667599862818,
    "test_precision_quality": 0.7738775510191447,
    "test_recall_quality": 0.8216328653131884,
    "test_f1_quality": 0.7970405196374085,
    "confusion_matrix": {
      "tp": 4740,
      "fp": 1385,
      "fn": 1029,
      "tn": 2133
    },
    "attn_category_pct": 26.05108070373535,
    "attn_text_pct": 59.389591217041016,
    "attn_image_pct": 14.559322357177734
  },
  "training_history": {
    "train_total": [
      0.465068498330293,
      0.4031240727994073,
      0.3869208009888339,
      0.37322038552821407,
      0.35854040315150365,
      0.34493226835707297,
      0.3316320480827935,
      0.31744305780442883,
      0.3045728272962213,
      0.29373944182737505,
      0.2845073686228934,
      0.27660115262863894,
      0.2697008233397923,
      0.26358388231022395,
      0.23677087757346124,
      0.22836032719036042
    ],
    "train_bce": [
      0.4188322450378837,
      0.3629476291499899,
      0.34790769294807083,
      0.33506034798946704,
      0.3213981729125603,
      0.30900983997246917,
      0.29654683498234213,
      0.28308688696269385,
      0.2706056260321281,
      0.2600056897750601,
      0.251130862818687,
      0.24333382353813243,
      0.23666581289520114,
      0.23050733317414607,
      0.20494728419114586,
      0.19676595042358105
    ],
    "train_mse": [
      0.046236252964820104,
      0.0401764437157982,
      0.03901310789771245,
      0.038160037302763246,
      0.037142230406222984,
      0.03592242824785937,
      0.03508521332813749,
      0.03435617079891939,
      0.03396720103010089,
      0.03373375209911341,
      0.03337650600799538,
      0.0332673289872844,
      0.03303501061585361,
      0.03307654925290806,
      0.03182359341517388,
      0.03159437683349208
    ],
    "val_total": [
      0.4637025177511945,
      0.4486463195616656,
      0.44207870092987683,
      0.426943790549258,
      0.4168639232583459,
      0.4082990565180898,
      0.40101914038805614,
      0.39920264883929385,
      0.3940483021476216,
      0.3946510782826927,
      0.38861371563756436,
      0.39669755518085,
      0.39771721014285305,
      0.4022899533845861,
      0.39824147722800407,
      0.4019644198673349
    ],
    "val_bce": [
      0.42269569079991853,
      0.40908290493646127,
      0.4036739172414567,
      0.3890894624226509,
      0.3803589315744114,
      0.37276358280912336,
      0.36583472076280854,
      0.3640548482873785,
      0.35894978196406896,
      0.35948268815929757,
      0.35385887484116024,
      0.3621607667626124,
      0.3632685551058266,
      0.3679918971299356,
      0.36404723363188435,
      0.3678977862350242
    ],
    "val_mse": [
      0.04100682657128719,
      0.03956341449946699,
      0.038404783182880556,
      0.037854328376631316,
      0.03650499153258552,
      0.035535474071259066,
      0.03518441983992113,
      0.0351478001193772,
      0.03509851961827329,
      0.03516839024664589,
      0.03475484031483917,
      0.034536789489429474,
      0.03444865523367235,
      0.034298055581702895,
      0.03419424382911095,
      0.034066633396418425
    ],
    "val_rmse_stars": [
      0.8100056945112145,
      0.7956221666038923,
      0.7838855343263383,
      0.778247553177073,
      0.7642511789466656,
      0.7540342068766808,
      0.7503004181251254,
      0.7499098625235137,
      0.7493839562549846,
      0.7501294847866828,
      0.7457060044262932,
      0.7433630551963634,
      0.7424139571282032,
      0.7407893690565803,
      0.7396674261218857,
      0.7382859434817209
    ],
    "lr": [
      0.00018431337415071667,
      0.00018431337415071667,
      0.00018431337415071667,
      0.00018431337415071667,
      0.00018431337415071667,
      0.00018431337415071667,
      0.00018431337415071667,
      0.00018431337415071667,
      0.00018431337415071667,
      0.00018431337415071667,
      0.00018431337415071667,
      0.00018431337415071667,
      0.00018431337415071667,
      0.00018431337415071667,
      9.215668707535834e-05,
      9.215668707535834e-05
    ]
  },
  "training_time_seconds": 13933.350792646408,
  "total_epochs_trained": 16
}