{
  "mode": "regression",
  "hyperparameters": {
    "epochs": 30,
    "batch_size": 128,
    "lr": 0.0003674917687698108,
    "weight_decay": 2.931833989830499e-06,
    "emb_dim": 128,
    "dropout": 0.4986427569205981,
    "patience": 5,
    "num_workers": 2,
    "scheduler_patience": 2,
    "scheduler_factor": 0.5,
    "min_lr": 1e-06,
    "model_dir": "/opt/ml/model",
    "data_dir": "/opt/ml/input/data/train",
    "embeddings_dir": "/opt/ml/input/data/embeddings",
    "encoders_dir": "/opt/ml/input/data/encoders",
    "output_data_dir": "/opt/ml/output/data"
  },
  "best_val_mse": 0.03415609357965803,
  "test_metrics": {
    "test_mse": 0.03636060026306324,
    "test_rmse": 0.19068455696008327,
    "test_rmse_stars": 0.7627382278403331,
    "attn_category_pct": 3.4881341457366943,
    "attn_text_pct": 73.047119140625,
    "attn_image_pct": 23.464752197265625
  },
  "training_history": {
    "train_mse": [
      0.04915764133334691,
      0.03844872104425694,
      0.03577917011756842,
      0.03404791486481082,
      0.03265449660373669,
      0.03157222145129121,
      0.03031557212034224,
      0.02933822316242093,
      0.02859447365908912,
      0.027428219659310398,
      0.02655249997747667,
      0.025672743113548786,
      0.023897535766934753,
      0.02306569347061788
    ],
    "val_mse": [
      0.04017284771951556,
      0.03778554219120548,
      0.03633946100504138,
      0.03550567990422766,
      0.034927025880378215,
      0.03459430332397649,
      0.03426506882787268,
      0.0342886357774693,
      0.03415609357965803,
      0.034429772973014194,
      0.03424486413843402,
      0.0344985932433336,
      0.03446090265147869,
      0.034696175773697574
    ],
    "val_rmse": [
      0.2004316534869569,
      0.194385035924079,
      0.19062911898511564,
      0.18842950911210182,
      0.1868877360352418,
      0.18599543898702595,
      0.18510826245166012,
      0.18517190871584518,
      0.1848136725993454,
      0.18555261510691298,
      0.18505367907294906,
      0.1857379693098145,
      0.18563647985102144,
      0.18626909505792305
    ],
    "val_rmse_stars": [
      0.8017266139478276,
      0.777540143696316,
      0.7625164759404626,
      0.7537180364484073,
      0.7475509441409672,
      0.7439817559481038,
      0.7404330498066405,
      0.7406876348633807,
      0.7392546903973816,
      0.7422104604276519,
      0.7402147162917962,
      0.742951877239258,
      0.7425459194040858,
      0.7450763802316922
    ],
    "lr": [
      0.0003674917687698108,
      0.0003674917687698108,
      0.0003674917687698108,
      0.0003674917687698108,
      0.0003674917687698108,
      0.0003674917687698108,
      0.0003674917687698108,
      0.0003674917687698108,
      0.0003674917687698108,
      0.0003674917687698108,
      0.0003674917687698108,
      0.0003674917687698108,
      0.0001837458843849054,
      0.0001837458843849054
    ]
  },
  "training_time_seconds": 298.90713572502136,
  "total_epochs_trained": 14
}